{
  "projectType": [
    "sap.watt.uitools.ide.fiori",
    "com.watt.common.builder.sapui5clientbuild"
  ],
  "build": {
    "targetFolder": "dist",
    "sourceFolder": "webapp",
    "buildRequired": true,
    "lastBuildDateTime": "Wed, 17 May 2017 06:19:30 GMT"
  },
  "generation": [
    {
      "templateId": "ui5template.basicSAPUI5ApplicationProjectCommon",
      "templateVersion": "1.32.0",
      "dateTimeStamp": "Wed, 17 May 2017 05:28:13 GMT"
    },
    {
      "templateId": "ui5template.basicSAPUI5ApplicationProject",
      "templateVersion": "1.40.12",
      "dateTimeStamp": "Wed, 17 May 2017 05:28:17 GMT"
    },
    {
      "templateId": "ui5template.basicSAPUI5ApplicationComponent",
      "templateVersion": "1.4.0",
      "dateTimeStamp": "Wed, 09 Aug 2017 10:10:55 GMT"
    }
  ],
  "translation": {
    "translationDomain": "",
    "supportedLanguages": "en,fr,de",
    "defaultLanguage": "en",
    "defaultI18NPropertyFile": "i18n.properties",
    "resourceModelName": "i18n"
  },
  "basevalidator": {
    "services": {
      "xml": "fioriXmlAnalysis",
      "js": "fioriJsValidator"
    }
  },
  "codeCheckingTriggers": {
    "notifyBeforePush": true,
    "notifyBeforePushLevel": "Error",
    "blockPush": false,
    "blockPushLevel": "Error"
  },
  "hcpdeploy": {
    "account": "p232277trial",
    "name": "routingdemo",
    "lastVersionWeTriedToDeploy": "1.0.1"
  }
}