{
  "webapp/view/DataBindingDemo.view.xml": "1461685557000",
  "webapp/view/DataBindingDemoList.view.xml": "1463484827000",
  "webapp/controller/DataBindingDemo.controller.js": "1461685430000",
  "webapp/controller/DataBindingDemoList.controller.js": "1463484827000",
  "webapp/i18n/i18n.properties": "1461685080000",
  "webapp/i18n/i18n_de.properties": "1461685091000",
  "webapp/model/models.js": "1461573279000",
  "webapp/Component.js": "1461573279000",
  "webapp/css/style.css": "1461573279000",
  "webapp/manifest.json": "1461573279000",
  "webapp/index.html": "1461573279000",
  "webapp/preview_hidden.html": "1461685572000"
}